"SampleID.DNA.x","Date","AD","SampleID.TSVS","daysop","Treatment","Period","week","TS_ww","VS_wwTS","VS_ww","VSr_pct","SampleID.pH","pH","SampleID.CODNH4","COD_mgL","TNH3_mgL","FAN_mgL","CODr_pct","CH4_pct","CH4_L","CH4_L_kgVS","O2_pct","Gasflow_mL","SampleID.CHN","C_pct","H_pct","N_pct","CN","HC","gC_kg","gH_kg","gN_kg","SampleID.VFA","Ethanol","Propanol","Butanol","X1.Hexanol","Acetic.acid","Propionic.acid","iso.Butyric.acid","Butyric.acid","iso.Valeric.acid","Valeric.acid","X4.Methyl.valeric.acid","Hexanoic.acid","DNATubeID","SludgeType","ngmL_qb","DNA.mg_gCOD","DNA.mg_gVS","Observed","Chao1","se.chao1","ACE","se.ACE","Shannon","Simpson","InvSimpson","Fisher","pielou_ev","SampleID","SampleID.DNA.y","UQ.ID"
"F10",2023-03-08,"PSTWAS","F8",7,"PSTWAS","Converging",2,2.96,84.63,2.51,NA,"",NA,"F9",29435,NA,NA,NA,NA,NA,NA,NA,NA,"",NA,NA,NA,NA,NA,NA,NA,NA,"",NA,NA,NA,NA,NA,NA,NA,NA,NA,NA,NA,NA,"#008","PSTWAS",318.67,2.33,1.29,1087,1126.82,12.31,1114.65,16.42,6.14,1,216.74,219.52,0.88,"F10",NA,NA
"F110",2023-05-24,"PSTWAS","F114",84,"PSTWAS","Recovery/Feedingpause",13,3.44,83.75,2.74,NA,"F112",6.44,"F113",78598,NA,NA,NA,NA,NA,NA,NA,NA,"F109",43.81,6.1,4.87,9,0.14,7.62,1.06,0.85,"",NA,NA,NA,NA,NA,NA,NA,NA,NA,NA,NA,NA,"#131","PSTWAS",179,0.29,1.1,1086,1129.13,12.6,1121.08,16.52,5.99,0.99,167.9,219.27,0.86,"F110","F110","#094"
"F115",2023-06-07,"PSTWAS","F123",98,"PSTWAS","Recovery/Postfoam",15,3.5,54.53,1.95,NA,"F118",5.71,"F122",86510,0,0,NA,NA,NA,NA,NA,NA,"F117",43.9,6.78,5.05,8.7,0.15,13.43,2.07,1.54,"",NA,NA,NA,NA,NA,NA,NA,NA,NA,NA,NA,NA,"#156","PSTWAS",199.5,0.48,0.99,1083,1137.14,14.49,1130.11,16.6,6,0.99,172.96,218.51,0.86,"F115","F115","#102"
"F124",2023-06-14,"PSTWAS","F132",105,"PSTWAS","Recovery/Postfoam",16,3.44,86,2.97,NA,"",NA,"F131",65516,NA,NA,NA,NA,NA,NA,NA,NA,"F126",43.3,6.79,5.24,8.3,0.16,14.89,2.34,1.8,"",NA,NA,NA,NA,NA,NA,NA,NA,NA,NA,NA,NA,"#172","PSTWAS",251.33,0.5,0.52,1243,1294,13.4,1287.82,17.73,6.11,0.99,143.66,259.79,0.86,"F124","F124","#109"
"F133",2023-06-21,"PSTWAS","F141",112,"PSTWAS","SteadyState/Postfoam",17,3.4,84.78,2.89,NA,"F136",6.21,"F140",59650,NA,NA,NA,NA,NA,NA,NA,NA,"F135",55.49,8.99,6.16,9,0.16,0,0,0,"",NA,NA,NA,NA,NA,NA,NA,NA,NA,NA,NA,NA,"#185","PSTWAS",205.33,0.31,0.65,894,916.52,9.03,908.85,14.66,5.8,0.99,106.94,172.14,0.85,"F133","F133","#122"
"F142",2023-06-28,"PSTWAS","F150",119,"PSTWAS","SteadyState/Postfoam",18,3.51,83.33,2.94,NA,"F145",5.78,"F149",64450,NA,NA,NA,NA,NA,NA,NA,NA,"F144",41.91,6.97,5.27,8,0.17,0,0,0,"",NA,NA,NA,NA,NA,NA,NA,NA,NA,NA,NA,NA,"#192","PSTWAS",212.67,0.34,0.75,1030,1061.09,10.22,1055.17,15.96,5.98,0.99,155.42,205.24,0.86,"F142","F142","#129"
"F15",2023-03-15,"PSTWAS","F16",14,"PSTWAS","Converging",3,3.16,84.66,2.67,NA,"F16 Feed",5.39,"",NA,NA,NA,NA,NA,NA,NA,NA,NA,"",NA,NA,NA,NA,NA,NA,NA,NA,"",NA,NA,NA,NA,NA,NA,NA,NA,NA,NA,NA,NA,"#016","PSTWAS",300.67,1.17,1.18,1023,1039.6,6.85,1037.41,15.84,6.08,0.99,190.54,203.5,0.88,"F15","F15","#014"
"F151",2023-07-05,"PSTWAS","F168",126,"PSTWAS","SteadyState/Postfoam",19,3.66,83.97,3.07,NA,"F154",6.38,"F158",59450,NA,NA,NA,NA,NA,NA,NA,NA,"F153",42.9,7.29,5,8.6,0.17,0,0,0,"",NA,NA,NA,NA,NA,NA,NA,NA,NA,NA,NA,NA,"#200","PSTWAS",374.5,0.63,1.1,942,955.23,5.89,954.18,15.1,5.87,0.99,123.17,183.66,0.86,"F151","F151","#131"
"F160",2023-07-12,"PSTWAS","F169",133,"PSTWAS","SteadyState/Postfoam",20,3.37,89.19,3,NA,"F163",6,"F167",56200,NA,NA,NA,NA,NA,NA,NA,NA,"F162",43.535,6.575,5.215,8.348034516,0.151027909,0,0,0,"",NA,NA,NA,NA,NA,NA,NA,NA,NA,NA,NA,NA,"#207","PSTWAS",291.5,0.53,0.97,990,1005.31,6.44,1003.52,15.63,5.86,0.99,117.22,195.36,0.85,"F160","F160","#132"
"F170",2023-07-19,"PSTWAS","F178",140,"PSTWAS","SteadyState",21,2.98,86.84,2.57,NA,"F173",5.7,"F177",64300,NA,NA,NA,NA,NA,NA,NA,NA,"F172",42.58,6.18,5.33,8,0.15,0,0,0,"",NA,NA,NA,NA,NA,NA,NA,NA,NA,NA,NA,NA,"#214","PSTWAS",288,0.48,1.09,1185,1228.58,12.59,1217.72,17.21,6.04,0.99,138.74,244.62,0.85,"F170","F170","#139"
"F179",2023-07-26,"PSTWAS","F187",147,"PSTWAS","SteadyState",22,3.68,85.48,3.09,NA,"F187",5.51,"F186",66000,NA,NA,NA,NA,NA,NA,NA,NA,"F180",44.92,6.95,5.3,8.5,0.15,0,0,0,"",NA,NA,NA,NA,NA,NA,NA,NA,NA,NA,NA,NA,"#222","PSTWAS",270,0.25,0.53,1038,1058.74,7.7,1057.01,15.95,6.02,0.99,156.11,207.23,0.87,"F179","F179","#141"
"F188",2023-08-02,"PSTWAS","F196",154,"PSTWAS","SteadyState",23,3.96,85.45,3.4,NA,"F191",5.93,"F195",61850,NA,NA,NA,NA,NA,NA,NA,NA,"F190",41.5,7.2,4.95,8.4,0.17,0,0,0,"",NA,NA,NA,NA,NA,NA,NA,NA,NA,NA,NA,NA,"#229","PSTWAS",337,0.53,0.99,1057,1082.52,9.35,1074.08,16.16,6.01,0.99,153.76,211.97,0.86,"F188","F188","#142"
"F197",2023-08-09,"PSTWAS","F205",161,"PSTWAS","SteadyState",24,3.67,86.79,3.18,NA,"F200",5.73,"F204",62300,NA,NA,NA,NA,NA,NA,NA,NA,"F199",43.3,7.01,5.28,8.2,0.16,0,0,0,"",NA,NA,NA,NA,NA,NA,NA,NA,NA,NA,NA,NA,"#236","PSTWAS",270.5,0.42,0.88,1146,1173.86,9.25,1169.91,16.88,6.11,0.99,175.17,234.55,0.87,"F197","F197","#149"
"F29",2023-03-22,"PSTWAS","",21,"PSTWAS","Converging",4,NA,NA,NA,NA,"",NA,"",NA,NA,NA,NA,NA,NA,NA,NA,NA,"",NA,NA,NA,NA,NA,NA,NA,NA,"",NA,NA,NA,NA,NA,NA,NA,NA,NA,NA,NA,NA,"#023","PSTWAS",346.67,1.48,1.42,1215,1267.31,14.03,1255.15,17.46,6.2,1,200.07,252.44,0.87,"F29","F29","#016"
"F38",2023-03-29,"PSTWAS","F40",28,"PSTWAS","Converging",5,3.03,84.38,2.57,NA,"F40",5.6,"F40",58447,NA,NA,NA,NA,NA,NA,NA,NA,"F37",32.68,5.09,3.85,8.5,0.16,9.9,1.54,1.17,"",NA,NA,NA,NA,NA,NA,NA,NA,NA,NA,NA,NA,"#030","PSTWAS",295,1.13,1.14,782,810.52,9.9,803.52,13.84,4.86,0.97,39.05,145.97,0.73,"F38","F38","#017"
"F46",2023-04-05,"PSTWAS","F50",35,"PSTWAS","SteadyState",6,3.36,84.27,2.83,NA,"F48",5.26,"F50",58764,NA,NA,NA,NA,NA,NA,NA,NA,"F45",43.9,6.83,5.31,8.3,0.16,14.75,2.29,1.78,"",NA,NA,NA,NA,NA,NA,NA,NA,NA,NA,NA,NA,"#037","PSTWAS",322.67,1.17,1.16,1104,1133.65,9.91,1128.15,16.53,6.13,1,213.45,223.82,0.88,"F46","F46","#024"
"F55",2023-04-12,"PSTWAS","F59",42,"PSTWAS","SteadyState",7,3.19,85.53,2.73,NA,"F57",5.28,"F58",57656,NA,NA,NA,NA,NA,NA,NA,NA,"F54",44,6.88,4.77,9.2,0.16,14.04,2.19,1.52,"",NA,NA,NA,NA,NA,NA,NA,NA,NA,NA,NA,NA,"#045","PSTWAS",162.67,0.35,0.35,1053,1081.89,9.62,1078.41,16.2,5.98,0.99,153.28,210.97,0.86,"F55","F55","#026"
"F64",2023-04-19,"PSTWAS","F68",49,"PSTWAS","SteadyState",8,3.61,79.44,2.86,NA,"F66",5.33,"F67",58975,NA,NA,NA,NA,NA,NA,NA,NA,"F63",41.34,6.03,4.95,8.4,0.15,14.92,2.18,1.79,"",NA,NA,NA,NA,NA,NA,NA,NA,NA,NA,NA,NA,"#052","PSTWAS",207.67,0.73,0.71,948,962.53,6.39,960.53,15.09,5.98,0.99,167.35,185.12,0.87,"F64","F64","#027"
"F73",2023-04-26,"PSTWAS","F77",56,"PSTWAS","SteadyState",9,3.79,84.45,3.2,NA,"F77",5.52,"F76",65094,100,0.04,NA,NA,NA,NA,NA,NA,"",NA,NA,NA,NA,NA,NA,NA,NA,"",NA,NA,NA,NA,NA,NA,NA,NA,NA,NA,NA,NA,"#059","PSTWAS",200,0.66,0.64,969,984.26,6.37,984.19,15.4,6.01,0.99,187.56,190.22,0.87,"F73","F73","#034"
"F82",2023-05-04,"PSTWAS","F86",64,"PSTWAS","Glycerol",10,3.15,81.28,2.56,NA,"F84",5.72,"F85",59080,300,0.2,NA,NA,NA,NA,NA,NA,"F81",40.54,6.88,4.67,8.7,0.17,10.38,1.76,1.19,"",NA,NA,NA,NA,NA,NA,NA,NA,NA,NA,NA,NA,"#085","PSTWAS",236.67,0.87,0.95,1213,1273.45,15.14,1264.27,17.51,5.93,0.99,110.43,251.91,0.84,"F82","F82","#060"
"F90",2023-05-11,"PSTWAS","F94",71,"PSTWAS","Inhibition",11,1.59,67.66,1.07,62.79,"copiedfm11th",7.21,"F93",69208,50,0.02,NA,NA,NA,NA,NA,NA,"F89",44.43,7.46,5.72,7.8,0.17,15.24,2.56,1.96,"",NA,NA,NA,NA,NA,NA,NA,NA,NA,NA,NA,NA,"#110","PSTWAS",196.67,0.62,0.68,1107,1127.78,7.33,1129.35,16.59,6.04,0.99,153.57,224.59,0.86,"F90","F90","#079"
"F99",2023-05-18,"PSTWAS","F103",78,"PSTWAS","Inhibition",12,3.44,83.82,2.74,NA,"F101",5.94,"F102",72584,NA,NA,NA,NA,NA,NA,NA,NA,"F98",41.76,6.79,4.78,8.7,0.16,0,0,0,"",NA,NA,NA,NA,NA,NA,NA,NA,NA,NA,NA,NA,"#123","PSTWAS",175.67,0.5,1.84,869,875.63,3.73,877.67,14.54,5.78,0.99,125.14,166.21,0.85,"F99","F99","#092"
"S1001.AD1",2023-05-15,"AD1","",75,"Control","Inhibition",12,2.06,73.03,1.51,44.64,"copiedfm14th",7.26,"S958_AD1",23841,NA,NA,NA,70,3.53,516.01,1.2,5049.53,"S1007_AD1",35.42,5.43,5.45,6.5,0.15,7.3,1.12,1.12,"S1019_AD1",0,0.64,0,0.1,65.35,52.49,1.69,2.57,1.81,1.07,1.98,0,"#117","Control",189,0.98,0.99,508,518.8,5.6,518.28,11.24,4.57,0.98,40.33,86.4,0.73,"S1001.AD1","S1001_AD1","#086"
"S1002.AD2",2023-05-15,"AD2","",75,"Treatment","Inhibition",12,1.91,72.8,1.39,48.28,"copiedfm14th",5.87,"S959_AD2",41898.5,NA,NA,NA,29,0.26,38.21,5,902.66,"S1008_AD2",38.78,6.14,5.21,7.4,0.16,7.41,1.17,0.99,"S1020_AD2",4.95,2.43,0,0.07,581.7,2112.05,84.62,218.54,180.46,137.77,3.03,16.42,"#118","Treatment",119.33,0.35,0.68,610,622.35,5.72,624.38,12.33,4.67,0.96,27.01,107.78,0.73,"S1002.AD2","S1002_AD2","#087"
"S1003.AD3",2023-05-15,"AD3","",75,"Control","Inhibition",12,2.06,69.4,1.42,47.81,"copiedfm14th",7.36,"S960_AD3",24926,NA,NA,NA,71,3.65,532.53,1,5137.78,"S1009_AD3",34.69,5.45,5.65,6.1,0.16,7.15,1.12,1.16,"S1021_AD3",0,0.84,0,0.1,28.55,38.33,1.07,2.19,1.72,1.07,1.64,0.59,"#119","Control",213,1.06,1.2,452,456.64,3.21,458.02,10.54,4.51,0.97,34.61,75.08,0.74,"S1003.AD3","S1003_AD3","#088"
"S1004.AD4",2023-05-15,"AD4","",75,"Control","Inhibition",12,0.67,56.67,0.38,85.88,"copiedfm14th",7.31,"S961_AD4",18648.5,NA,NA,NA,66,3.25,475.11,1.2,4931.1,"S1010_AD4",33.37,5.16,5.09,6.6,0.15,2.24,0.35,0.34,"S1022_AD4",0,1,0.26,0.16,114.31,70.74,2.98,4.44,5.01,1.8,2.05,0.48,"#120","Control",148,0.97,3.03,509,532.07,9.23,528.11,11.33,4.19,0.96,24.39,86.6,0.67,"S1004.AD4","S1004_AD4","#089"
"S1005.AD5",2023-05-15,"AD5","",75,"Treatment","Inhibition",12,1.58,67.68,1.07,60.84,"copiedfm14th",5.89,"S962_AD5",39389.5,NA,NA,NA,32,0.26,37.92,3,811.76,"S1011_AD5",39.25,6.19,5.16,7.6,0.16,6.2,0.98,0.82,"S1023_AD5",0,4.52,0.43,0.12,943.62,3074.75,115.53,271.11,203.92,235.76,3.29,18.85,"#121","Treatment",89.6,0.28,0.67,743,777.58,10.8,778.28,13.72,4.72,0.96,23.29,137.09,0.71,"S1005.AD5","S1005_AD5","#090"
"S1006.AD6",2023-05-15,"AD6","",75,"Treatment","Inhibition",12,1.74,70.04,1.21,63.03,"copiedfm14th",5.59,"S963_AD6",39612.5,NA,NA,NA,27,0.17,24.9,4.5,631.68,"",NA,NA,NA,NA,NA,NA,NA,NA,"S1024_AD6",0,6.37,0.93,0.15,1233.71,3037.45,103.23,390.93,199.11,212.01,3.5,20.43,"#122","Treatment",85.9,0.29,0.73,862,882.57,7.7,882.04,14.67,5.5,0.99,87.39,164.56,0.81,"S1006.AD6","S1006_AD6","#091"
"S119.full",2023-03-15,"Full-scale","S121 AD Full scale",14,"Full-scale","Converging",3,2.41,73.85,1.78,34.13,"S121_ADFull",7.16,"S134_Full",26815.5,NA,NA,52.69,NA,NA,NA,NA,NA,"S120_full",36.36,5.63,6.24,5.8,0.15,8.74,1.35,1.5,"",NA,NA,NA,NA,NA,NA,NA,NA,NA,NA,NA,NA,"#015","Full-scale",390.67,1.77,1.73,758,780.47,8.4,778.5,13.74,5.13,0.98,46.6,140.49,0.77,"S119.full",NA,NA
"S1273.ADFull",2023-06-09,"Full-scale","",100,"Full-scale","Recovery/Postfoam",15,NA,NA,NA,NA,"",NA,"",NA,NA,NA,NA,NA,NA,NA,NA,NA,"S1275_ADFull",35.07,6.09,5.95,5.9,0.17,7.5,1.3,1.27,"",NA,NA,NA,NA,NA,NA,NA,NA,NA,NA,NA,NA,"#155","Full-scale",270.5,1.3,4.54,638,647.36,4.72,649.08,12.56,4.89,0.97,39.85,113.82,0.76,"S1273.ADFull",NA,NA
"S1287.AD1",2023-06-07,"AD1","copiedfm8th",98,"Control","Recovery/Postfoam",15,2.15,72.24,1.55,37.54,"S1311_AD1",7.76,"",NA,NA,NA,NA,NA,NA,NA,NA,3828.3,"S1293_AD1",34.58,5.45,5.68,6.1,0.16,7.43,1.17,1.22,"S1305_AD1",0,1.4,0,0.28,54.71,15.25,1.05,1.02,2.31,0.83,2.42,0.46,"#160","Control",169,NA,1.1,614,634.51,7.99,634.13,12.41,4.64,0.97,36.75,108.64,0.72,"S1287.AD1","S1287_AD1","#095"
"S1288.AD2",2023-06-07,"AD2","copiedfm8th",98,"Treatment","Recovery/Postfoam",15,2.54,71.46,1.82,26.51,"S1312_AD2",7.42,"",NA,NA,NA,NA,NA,NA,NA,NA,5751.63,"S1294_AD2",34.6,5.1,4.96,7,0.15,10.28,1.51,1.47,"S1306_AD2",0,1.57,0,0.27,729.75,61.36,29.05,9.66,43.65,3.01,4.02,1.17,"#161","Treatment",134.33,NA,0.78,668,704.54,11.16,705.2,12.78,4.44,0.97,31.91,120.37,0.68,"S1288.AD2","S1288_AD2","#096"
"S1289.AD3",2023-06-07,"AD3","copiedfm8th",98,"Control","Recovery/Postfoam",15,1.71,70.52,1.2,51.83,"S1313_AD3",7.66,"",NA,NA,NA,NA,NA,NA,NA,NA,2311.83,"S1295_AD3",34.88,5.35,5.2,6.7,0.15,5.96,0.92,0.89,"S1307_AD3",0,0.73,0,0.25,85.37,108.52,1.48,1.56,2.49,1.3,3.88,0.44,"#162","Control",163.67,NA,1.37,606,638.68,11.07,633.57,12.24,4.36,0.95,22.19,106.93,0.68,"S1289.AD3","S1289_AD3","#097"
"S1290.AD4",2023-06-07,"AD4","copiedfm8th",98,"Control","Recovery/Postfoam",15,2.24,70.59,1.59,33.5,"S1314_AD4",8.06,"",NA,NA,NA,NA,NA,NA,NA,NA,4045.16,"S1296_AD4",34.82,5.58,5.35,6.5,0.16,7.8,1.25,1.2,"S1308_AD4",0,0,0,0.24,67.29,9.87,0.95,1.23,0.74,0.7,2.87,0.38,"#163","Control",147.67,NA,0.9,670,705.5,11.19,702.57,12.86,4.56,0.97,31.56,120.81,0.7,"S1290.AD4","S1290_AD4","#098"
"S1291.AD5",2023-06-07,"AD5","",98,"Treatment","Recovery/Postfoam",15,NA,NA,NA,NA,"S1315_AD5",6.95,"",NA,NA,NA,NA,NA,NA,NA,NA,7226.19,"S1297_AD5",34.67,5.75,4.72,7.3,0.17,14.35,2.38,1.95,"S1309_AD5",0,0,0,0.13,108.74,1913.15,34.15,4.42,128.6,54.3,4.59,1.4,"#164","Treatment",113.33,NA,0.36,572,593.38,8.22,593.15,11.92,4.23,0.96,24.97,99.7,0.67,"S1291.AD5","S1291_AD5","#099"
"S1292.AD6",2023-06-07,"AD6","copiedfm8th",98,"Treatment","Recovery/Postfoam",15,2.23,67.51,1.51,39.23,"S1316_AD6",7.98,"",NA,NA,NA,NA,NA,NA,NA,NA,6558.12,"S1298_AD6",34.35,5.31,4.25,8.1,0.15,7.73,1.19,0.96,"S1310_AD6",5.51,0,0,0.1,91.63,2492.74,23.99,7.97,148.3,30.27,8.03,3.02,"#165","Treatment",77.73,NA,0.46,541,578.28,14.3,559.95,11.6,4.66,0.98,45.01,93.21,0.74,"S1292.AD6","S1292_AD6","#100"
"S1317.AD1",2023-06-12,"AD1","copiedfm13th",103,"Control","Recovery/Postfoam",16,2.02,70.97,1.43,43.99,"S1335_AD1",7.38,"",NA,NA,NA,NA,NA,NA,NA,NA,4510.53,"S1323_AD1",33.87,5.39,5.35,6.3,0.16,6.84,1.09,1.08,"S1335_AD1",0,0,0,0.08,65.89,21.09,1.05,1.16,2.18,0.78,2.37,0.77,"#166","Control",158.33,1.13,1.11,558,567.23,4.83,568.26,11.81,4.56,0.97,30.89,96.76,0.72,"S1317.AD1",NA,NA
"S1318.AD2",2023-06-12,"AD2","copiedfm13th",103,"Treatment","Recovery/Postfoam",16,2.14,69.23,1.46,42.31,"S1336_AD2",7.34,"",NA,NA,NA,NA,NA,NA,NA,NA,4763.92,"S1324_AD2",33.51,5.37,4.76,7,0.16,7.17,1.15,1.02,"S1336_AD2",0,0,0,0.1,96.4,19.27,1.47,1.08,0.82,0.5,23.36,0.35,"#167","Treatment",132.67,0.86,0.9,530,544.32,6.5,543.55,11.46,4.36,0.97,32.17,90.92,0.7,"S1318.AD2",NA,NA
"S1319.AD3",2023-06-12,"AD3","copiedfm13th",103,"Control","Recovery/Postfoam",16,1.98,70.83,1.43,44.27,"S1337_AD3",6.68,"",NA,NA,NA,NA,NA,NA,NA,NA,2872.53,"S1325_AD3",32.27,6.12,5.15,6.3,0.19,6.39,1.21,1.02,"S1337_AD3",0.64,0,0,0.09,1680.23,197.86,63.96,62.24,99.2,15.78,7.42,5.95,"#168","Control",150.67,0.86,1.06,529,540.92,5.87,539.53,11.47,4.39,0.96,26.17,90.72,0.7,"S1319.AD3",NA,NA
"S1320.AD4",2023-06-12,"AD4","copiedfm13th",103,"Control","Recovery/Postfoam",16,2.3,70.97,1.63,34.71,"S1338_AD4",7.43,"",NA,NA,NA,NA,NA,NA,NA,NA,5002.49,"S1326_AD4",33.19,5.69,5.02,6.6,0.17,7.63,1.31,1.15,"S1338_AD4",0,0,0.17,0.21,58.18,11.91,1.03,1.06,0.87,0.43,2.38,0.15,"#169","Control",230.33,1.36,1.43,614,637.18,8.7,634.31,12.28,4.52,0.97,36.73,108.64,0.7,"S1320.AD4",NA,NA
"S1321.AD5",2023-06-12,"AD5","copiedfm13th",103,"Treatment","Recovery/Postfoam",16,1.81,68.97,1.23,52.1,"S1339_AD5",7.49,"",NA,NA,NA,NA,NA,NA,NA,NA,13179.74,"S1327_AD5",33.27,5.32,4.76,7,0.16,6.02,0.96,0.86,"S1339_AD5",0,0,0.2,0.2,67.79,55.06,1.41,1.22,1.62,0.71,3.61,0.5,"#170","Treatment",195.67,1.41,1.66,574,594.02,8.26,589.97,11.93,4.32,0.96,26.07,100.12,0.68,"S1321.AD5",NA,NA
"S1322.AD6",2023-06-12,"AD6","copiedfm13th",103,"Treatment","Recovery/Postfoam",16,2.15,66.67,1.41,44.78,"S1340_AD6",7.54,"",NA,NA,NA,NA,NA,NA,NA,NA,9809.21,"S1328_AD6",33.34,5.37,4.36,7.6,0.16,7.17,1.16,0.94,"S1340_AD6",0.74,0,0,0,188.67,579.19,7.69,6.54,37.9,21.66,11.56,1.05,"#171","Treatment",151,1.07,1.13,613,633.2,8.09,630.21,12.36,4.74,0.98,43.6,108.43,0.74,"S1322.AD6",NA,NA
"S1389.AD1",2023-06-19,"AD1","",110,"Control","SteadyState/Postfoam",17,1.95,70.37,1.39,46.51,"copiedfm20th",7.14,"S1383_AD1",21893.5,1225,NA,68.91,NA,NA,NA,NA,3737.87,"S1395_AD1",34.44,5.67,5.4,6.4,0.16,0,0,0,"S1407_AD1",0,0.07,0.07,0.71,46.51,12.34,0.88,0.84,1.65,0.42,2.56,0.56,"#173","Control",217.67,1.56,1.58,556,566.15,5,567.93,11.76,4.47,0.97,31.25,96.34,0.71,"S1389.AD1","S1389_AD1","#110"
"S1390.AD2",2023-06-19,"AD2","",110,"Treatment","SteadyState/Postfoam",17,2.14,70,1.52,42.67,"copiedfm20th",7.15,"S1384_AD2",22940,1325,NA,67.42,NA,NA,NA,NA,3992.56,"S1396_AD2",34.96,5.54,5.26,6.7,0.16,0,0,0,"S1408_AD2",0,0,0,0.15,55.45,9.92,0.97,0.85,0.66,0.46,7.68,0.4,"#174","Treatment",189,1.26,1.25,579,608.52,10.07,607.4,11.92,4.21,0.96,25.89,101.18,0.66,"S1390.AD2","S1390_AD2","#111"
"S1391.AD3",2023-06-19,"AD3","",110,"Control","SteadyState/Postfoam",17,1.87,69.44,1.35,47.66,"copiedfm20th",7.03,"S1385_AD3",28810.5,1275,NA,59.08,NA,NA,NA,NA,2384.63,"S1397_AD3",34.9,5.94,5.31,6.6,0.17,0,0,0,"S1409_AD3",0,0,0.2,0.43,1821.15,365.87,100.6,178.6,169.86,63.7,7.67,41.4,"#175","Control",164,0.88,1.19,695,720.05,9.2,715.7,13.08,4.64,0.97,28.59,126.34,0.71,"S1391.AD3","S1391_AD3","#112"
"S1392.AD4",2023-06-19,"AD4","",110,"Control","SteadyState/Postfoam",17,1.93,71.88,1.39,41.64,"copiedfm20th",7.07,"S1386_AD4",24819.5,1350,NA,64.75,NA,NA,NA,NA,3831.94,"S1398_AD4",35.1,5.39,5.43,6.5,0.15,0,0,0,"S1410_AD4",0,0,0,0.56,40.82,7.74,0.9,1.33,1.26,0.63,3.19,0.55,"#176","Control",204.33,1.18,1.24,627,656.55,10.01,654.55,12.43,4.38,0.96,25.21,111.44,0.68,"S1392.AD4","S1392_AD4","#113"
"S1393.AD5",2023-06-19,"AD5","",110,"Treatment","SteadyState/Postfoam",17,1.77,68.75,1.24,46.51,"copiedfm20th",7.23,"S1387_AD5",22688,1350,NA,67.78,NA,NA,NA,NA,4262.62,"S1399_AD5",35.14,5.28,5,7,0.15,0,0,0,"S1411_AD5",0,0,0,0.18,52.6,7.24,0.71,0.78,0.57,0.38,2.77,0.15,"#177","Treatment",201.33,1.34,1.4,466,472.33,4.08,471.34,10.74,4.05,0.95,20.09,77.88,0.66,"S1393.AD5","S1393_AD5","#114"
"S1394.AD6",2023-06-19,"AD6","",110,"Treatment","SteadyState/Postfoam",17,1.74,65.38,1.14,54.04,"copiedfm20th",7.22,"S1388_AD6",21893.5,1275,NA,68.91,NA,NA,NA,NA,3783.44,"S1400_AD6",35.74,5.35,4.77,7.5,0.15,0,0,0,"S1412_AD6",0,0,0,0.23,49.7,7.24,0.72,0.77,0.49,0.39,2.42,0.19,"#178","Treatment",157,1.1,1.3,750,793.63,12.67,789.53,13.5,4.63,0.97,35.86,138.67,0.7,"S1394.AD6","S1394_AD6","#115"
"S1443.AD1",2023-06-21,"AD1","",112,"Control","SteadyState/Postfoam",17,NA,NA,NA,NA,"",NA,"",NA,NA,NA,NA,60,2.11,323.61,2,3511.61,"S1449_AD1",35.27,5.72,5.57,6.3,0.16,0,0,0,"S1461_AD1",0,0,0,0.74,41.15,5.97,0.52,0.67,0.3,0.3,2.13,0.3,"#179","Control",210.33,NA,1.66,486,498.2,5.78,500.91,11.06,4.36,0.97,31.72,81.91,0.71,"S1443.AD1","S1443_AD1","#116"
"S1444.AD2",2023-06-21,"AD2","",112,"Treatment","SteadyState/Postfoam",17,NA,NA,NA,NA,"",NA,"",NA,NA,NA,NA,63,2.45,375.98,2.3,3885.57,"S1450_AD2",33.5,5.63,5.04,6.7,0.17,0,0,0,"S1462_AD2",0,0,0.1,0.22,46.45,5.59,0.56,0.59,0.29,0.35,2.69,0.07,"#180","Treatment",186.33,NA,1.56,438,451.54,6.41,451.57,10.45,4.04,0.96,24.05,72.31,0.66,"S1444.AD2","S1444_AD2","#117"
"S1445.AD3",2023-06-21,"AD3","",112,"Control","SteadyState/Postfoam",17,NA,NA,NA,NA,"",NA,"",NA,NA,NA,NA,51,2.21,338.86,2.5,4325.95,"S1451_AD3",34.21,5.86,5.07,6.8,0.17,0,0,0,"S1463_AD3",0.98,0,0,0.29,1472.65,407.37,107.09,182.96,182.57,79.37,7.34,46.36,"#181","Control",144.67,NA,1.21,580,600.72,7.81,602.92,11.99,4.45,0.96,28.33,101.39,0.7,"S1445.AD3","S1445_AD3","#118"
"S1446.AD4",2023-06-21,"AD4","",112,"Control","SteadyState/Postfoam",17,NA,NA,NA,NA,"",NA,"",NA,NA,NA,NA,69,2.64,406.06,1.8,3831.57,"S1452_AD4",33.87,5.61,5.27,6.4,0.17,0,0,0,"S1464_AD4",0,0,0,0.28,45.33,9.13,1.17,1.86,1.57,0.87,2.43,0.54,"#182","Control",172.33,NA,1.3,495,515.63,8.24,515.44,11.15,4.21,0.96,22.66,83.74,0.68,"S1446.AD4","S1446_AD4","#119"
"S1447.AD5",2023-06-21,"AD5","",112,"Treatment","SteadyState/Postfoam",17,NA,NA,NA,NA,"",NA,"",NA,NA,NA,NA,63,2.8,430.37,2.2,4447.74,"S1453_AD5",32.8,4.97,4.61,7.1,0.15,0,0,0,"S1465_AD5",0,0,0,0.62,76.77,5.31,0.73,0.77,2.4,0.44,8.3,0.49,"#183","Treatment",177.67,NA,1.68,418,436.03,7.83,438.15,10.34,3.86,0.94,17.55,68.38,0.64,"S1447.AD5","S1447_AD5","#120"
"S1448.AD6",2023-06-21,"AD6","",112,"Treatment","SteadyState/Postfoam",17,NA,NA,NA,NA,"",NA,"",NA,NA,NA,NA,64,2.32,355.96,1.9,3621.2,"S1454_AD6",21.36,3.16,3.23,6.6,0.15,0,0,0,"S1466_AD6",0,0,0.18,0.24,52.69,5.93,0.5,0.57,1.22,0.32,3.72,0,"#184","Treatment",154.33,NA,1.4,493,507.17,6.76,503.77,11.03,4.31,0.96,27.6,83.33,0.7,"S1448.AD6","S1448_AD6","#121"
"S1506.AD1",2023-06-26,"AD1","copiedfm27th",117,"Control","SteadyState/Postfoam",18,1.84,69.57,1.25,56.78,"S1524_AD1",7.09,"S1500_AD1",26225,1250,19.41,58.65,67,3.38,462.6,1.6,5043.73,"S1512_AD1",34.5,5.58,5.61,6.2,0.16,0,0,0,"S1524_AD1",0,0,0,0.25,47.58,7.95,0.69,0.76,0.52,0.38,2.92,0.29,"#186","Control",251,0.97,2.01,722,765.89,12.95,760.93,13.4,4.62,0.97,35.37,132.36,0.7,"S1506.AD1","S1506_AD1","#123"
"S1507.AD2",2023-06-26,"AD2","copiedfm27th",117,"Treatment","SteadyState/Postfoam",18,1.78,66.67,1.19,59.51,"S1525_AD2",7.25,"S1501_AD2",23587.5,1350,30.09,62.81,69,2.97,407.01,1.9,4308.95,"S1513_AD2",33.9,5.59,5.22,6.5,0.17,0,0,0,"S1525_AD2",0,0,0,0.32,63.29,8.02,0.82,0.74,1.43,0.36,5.17,0.13,"#187","Treatment",210.67,0.9,1.79,544,569.14,9.72,562.24,11.52,4.19,0.96,25.36,93.83,0.66,"S1507.AD2","S1507_AD2","#124"
"S1508.AD3",2023-06-26,"AD3","copiedfm27th",117,"Control","SteadyState/Postfoam",18,1.76,68.18,1.21,59.96,"S1526_AD3",7.14,"S1502_AD3",23937.5,1325,23.04,62.25,76,4.07,557.67,1.1,5360.22,"S1514_AD3",34.19,5.63,5.32,6.4,0.16,0,0,0,"S1526_AD3",0,0,0.23,0.68,94.79,60.27,1.43,1.19,1.46,1.11,3.72,0,"#188","Control",181.67,0.75,1.54,628,660.05,11.59,650.05,12.56,4.7,0.97,39.2,111.66,0.73,"S1508.AD3","S1508_AD3","#125"
"S1509.AD4",2023-06-26,"AD4","copiedfm27th",117,"Control","SteadyState/Postfoam",18,1.94,69.57,1.35,53.8,"S1527_AD4",7.28,"S1503_AD4",25094,1325,31.6,60.43,71,3.16,431.97,1.2,4444.41,"S1515_AD4",34.95,5.83,5.34,6.5,0.17,0,0,0,"S1527_AD4",0,0,0,0.19,36.38,6.1,0.55,0.61,1.13,0.29,2.41,0.09,"#189","Control",208.67,0.79,1.47,564,586.19,8.5,583.94,11.79,4.36,0.97,30.74,98.02,0.69,"S1509.AD4","S1509_AD4","#126"
"S1510.AD5",2023-06-26,"AD5","copiedfm27th",117,"Treatment","SteadyState/Postfoam",18,1.57,66.67,1.07,63.62,"S1528_AD5",7.26,"S1504_AD5",22081.5,1275,29.07,65.18,71,2.16,295.79,1,3043.31,"S1516_AD5",34.37,4.93,4.95,6.9,0.14,0,0,0,"S1528_AD5",0,0,0,0.56,32.29,4.93,0,0.53,1.14,0.26,2.37,0.06,"#190","Treatment",203.67,0.94,1.95,498,517,8.22,512.45,11.15,3.9,0.94,15.54,84.35,0.63,"S1510.AD5","S1510_AD5","#127"
"S1511.AD6",2023-06-26,"AD6","copiedfm27th",117,"Treatment","SteadyState/Postfoam",18,1.73,65,1.13,61.23,"S1529_AD6",7.45,"S1505_AD6",23100,1175,40.97,63.57,66,2.83,388.01,2.7,4294.58,"S1517_AD6",33.24,5.67,4.77,7,0.17,0,0,0,"S1529_AD6",0,0,0,0.26,42.53,4.49,0.42,0.52,0.89,0.34,1.67,0.12,"#191","Treatment",173,0.73,1.5,593,616.15,9.36,608.35,12.1,4.45,0.97,30.64,104.15,0.7,"S1511.AD6","S1511_AD6","#128"
"S1554.ADFull",2023-06-28,"Full-scale","S1563_ADFull",119,"Full-scale","SteadyState/Postfoam",18,2.08,72.41,1.56,46.95,"S1557_ADFull",7.31,"S1564_ADFull",27006.5,950,24.23,57.41,NA,NA,NA,NA,NA,"S1556_ADFull",36.67,5.88,6.03,6.1,0.16,0,0,0,"",NA,NA,NA,NA,NA,NA,NA,NA,NA,NA,NA,NA,"#193","Full-scale",228.5,0.68,1.19,782,808.82,9.29,806.53,14,5.07,0.98,41.98,145.97,0.76,"S1554.ADFull","S1554_ADFull","#130"
"S1619.AD1",2023-07-17,"AD1","copiedfm18th",138,"Control","SteadyState",21,1.95,69.57,1.34,53.89,"_jake1",7.52,"S1613_AD1",24125,1175,47.85,58.27,NA,NA,NA,NA,5102.4,"S1625_AD1",35.73,5.64,5.28,6.8,0.16,0,0,0,"S1637_AD1",0,0,0,0.39,54.46,20.32,1.05,0.53,1.07,0.32,2.09,0.13,"#208","Control",229.5,0.96,1.72,556,569.2,6.26,567.76,11.77,4.45,0.97,31.04,96.34,0.7,"S1619.AD1",NA,NA
"S162.AD1",2023-04-03,"AD1","",33,"Control","SteadyState",6,1.9,71.16,1.35,48.9,"copiedfm3rd&4th",7.3,"S180_AD1",21138,NA,NA,61.26,71,3.22,486.34,1.3,4534,"S168_AD1",24.03,3.98,3.88,6.2,0.17,4.57,0.76,0.74,"",NA,NA,NA,NA,NA,NA,NA,NA,NA,NA,NA,NA,"#031","Control",168,1.23,1.24,591,609.5,8.02,605.67,12.15,4.55,0.96,25.28,103.73,0.71,"S162.AD1","S162_AD1","#018"
"S1620.AD2",2023-07-17,"AD2","copiedfm18th",138,"Treatment","SteadyState",21,2.01,68,1.37,53.45,"_jake2",7.56,"S1614_AD2",24131.5,1275,56.71,58.26,NA,NA,NA,NA,6439.85,"S1626_AD2",33,5.42,5.13,6.4,0.16,0,0,0,"S1638_AD2",0,0,0,0.62,53.46,4.37,0,0.52,1.08,0.43,2,0.15,"#209","Treatment",192.5,0.81,1.43,461,471.64,5.6,470.3,10.71,4.05,0.96,22.32,76.88,0.66,"S1620.AD2",NA,NA
"S1621.AD3",2023-07-17,"AD3","copiedfm18th",138,"Control","SteadyState",21,2.18,69.57,1.52,47.64,"_jake3",7.49,"S1615_AD3",24206.5,1250,47.63,58.13,NA,NA,NA,NA,5183.18,"S1627_AD3",33.49,5.89,5.18,6.5,0.18,0,0,0,"S1639_AD3",0,0,0,0.33,49.71,3.19,0,0.42,0.9,0.26,1.81,0,"#210","Control",215.5,0.89,1.4,611,623,5.76,622.38,12.32,4.83,0.98,42.82,108,0.75,"S1621.AD3",NA,NA
"S1622.AD4",2023-07-17,"AD4","copiedfm18th",138,"Control","SteadyState",21,1.98,68,1.35,53.21,"_jake4",7.5,"S1616_AD4",24156.5,1225,47.73,58.22,NA,NA,NA,NA,5620.66,"S1628_AD4",34.49,5.78,5.27,6.5,0.17,0,0,0,"S1640_AD4",0,0,0,0.32,50.15,6.25,0.36,0.45,0.97,0.29,1.97,0,"#211","Control",228,0.95,1.68,599,622.68,8.8,621.66,12.21,4.39,0.97,31.22,105.43,0.69,"S1622.AD4",NA,NA
"S1623.AD5",2023-07-17,"AD5","copiedfm18th",138,"Treatment","SteadyState",21,1.87,71.43,1.36,53.65,"_jake5",7.75,"S1617_AD5",26062.5,1300,87.42,54.92,NA,NA,NA,NA,5863.5,"S1629_AD5",35.14,5.43,5.32,6.6,0.15,0,0,0,"S1641_AD5",0,0,0,0.24,47.91,2.61,0,0.35,1.16,0.23,2.13,0,"#212","Treatment",214.5,0.82,1.58,639,675.36,11.82,670.02,12.65,4.28,0.95,20.78,114.04,0.66,"S1623.AD5",NA,NA
"S1624.AD6",2023-07-17,"AD6","copiedfm18th",138,"Treatment","SteadyState",21,1.42,83.33,1.18,59.46,"_jake6",7.6,"S1618_AD6",22469,1300,63.13,61.13,NA,NA,NA,NA,3121.9,"S1630_AD6",32.52,5.47,4.95,6.6,0.17,0,0,0,"S1642_AD6",0,0,0,0.25,20.67,1.5,0,0.39,0.58,0.24,1.47,0,"#213","Treatment",205,0.93,1.75,640,682.02,14.01,666.16,12.56,4.43,0.96,26.86,114.26,0.69,"S1624.AD6",NA,NA
"S163.AD2",2023-04-03,"AD2","",33,"Treatment","SteadyState",6,1.8,70.85,1.27,51.92,"copiedfm3rd&4th",7.45,"S181_AD2",20431,NA,NA,62.56,69,2.5,378.24,1.9,3628.5,"S169_AD2",35.38,5.65,5.62,6.3,0.16,6.37,1.02,1.01,"",NA,NA,NA,NA,NA,NA,NA,NA,NA,NA,NA,NA,"#032","Treatment",194,1.49,1.54,636,669.15,12.09,656.89,12.6,4.59,0.97,37.37,113.39,0.71,"S163.AD2","S163_AD2","#019"
"S164.AD3",2023-04-03,"AD3","",33,"Control","SteadyState",6,1.9,69.09,1.32,50.26,"copiedfm3rd&4th",7.34,"S182_AD3",20896,NA,NA,61.71,71,2.67,402.93,1.2,3756.4,"S170_AD3",35.46,5.48,5.87,6,0.15,6.74,1.04,1.11,"",NA,NA,NA,NA,NA,NA,NA,NA,NA,NA,NA,NA,"#033","Control",256,1.9,1.95,629,653.6,10.02,645.38,12.55,4.56,0.96,25.2,111.88,0.71,"S164.AD3","S164_AD3","#020"
"S165.AD4",2023-04-03,"AD4","",33,"Control","SteadyState",6,0.98,67.44,0.66,75.07,"copiedfm3rd&4th",7.17,"S183_AD4",11877,NA,NA,78.23,37,0.02,3.23,11.6,57.87,"S171_AD4",38.93,6.27,4.82,8.1,0.16,3.8,0.61,0.47,"",NA,NA,NA,NA,NA,NA,NA,NA,NA,NA,NA,NA,"#034","Control",88.4,1.17,1.36,639,658.21,7.88,654.54,12.58,4.4,0.96,24.57,114.04,0.68,"S165.AD4","S165_AD4","#021"
"S166.AD5",2023-04-03,"AD5","",33,"Treatment","SteadyState",6,1.74,70.33,1.22,53.54,"copiedfm3rd&4th",7.48,"S184_AD5",19026.5,NA,NA,65.13,71,3.2,483.8,1.4,4510.35,"S172_AD5",33.51,5.43,5.13,6.5,0.16,5.83,0.94,0.89,"",NA,NA,NA,NA,NA,NA,NA,NA,NA,NA,NA,NA,"#035","Treatment",198.5,1.62,1.62,675,699.57,9.51,691.96,12.97,4.76,0.97,40,121.91,0.73,"S166.AD5","S166_AD5","#022"
"S167.AD6",2023-04-03,"AD6","",33,"Treatment","SteadyState",6,1.85,70.32,1.3,50.64,"copiedfm3rd&4th",7.37,"S185_AD6",19210.5,NA,NA,64.79,70,2.64,398.43,1.2,3767.49,"S173_AD6",35.52,5.94,5.52,6.4,0.17,6.57,1.1,1.02,"",NA,NA,NA,NA,NA,NA,NA,NA,NA,NA,NA,NA,"#036","Treatment",171,1.38,1.31,615,638.52,9.22,633.61,12.41,4.63,0.97,29.41,108.86,0.72,"S167.AD6","S167_AD6","#023"
"S1673.ADFull",2023-07-19,"Full-scale","S1682_ADFull",140,"Full-scale","SteadyState",21,1.95,77.27,1.47,47.85,"S1676_ADFull",7.06,"S1683_ADFull",26100.5,NA,NA,54.85,NA,NA,NA,NA,NA,"S1675_ADFull",36.1,5.24,6.39,5.7,0.15,0,0,0,"",NA,NA,NA,NA,NA,NA,NA,NA,NA,NA,NA,NA,"#215","Full-scale",346.5,1.28,2.19,741,754.44,5.87,756.75,13.57,5.14,0.98,47.87,136.64,0.78,"S1673.ADFull","S1673_ADFull","#140"
"S1741.AD1",2023-08-07,"AD1","copiedfm08th",159,"Control","SteadyState",24,1.59,68.18,1.08,66.33,"copiedfm08th",7.47,"S1735_AD1",23325,NA,NA,64.35,NA,NA,NA,NA,2691.24,"S1747_AD1",32.72,5.86,5.35,6.1,0.18,0,0,0,"S1759_AD1",0,0,0,0.35,18.86,2.73,0,0.35,0.83,0.45,1.78,0,"#230","Control",226.5,1,2.14,557,576.63,8.03,574.25,11.8,4.47,0.97,32.12,96.55,0.71,"S1741.AD1",NA,NA
"S1742.AD2",2023-08-07,"AD2","copiedfm08th",159,"Treatment","SteadyState",24,1.32,72.22,0.97,66.55,"copiedfm08th",7.63,"S1736_AD2",22787.5,NA,NA,65.17,NA,NA,NA,NA,3903.35,"S1748_AD2",33.1,5.59,5.35,6.2,0.17,0,0,0,"S1760_AD2",0,0,0,0.17,21.54,1.51,0,0.36,0.67,0.26,1.84,0,"#231","Treatment",170.5,0.76,1.59,532,560,10.56,552.62,11.48,4.01,0.95,19.67,91.34,0.64,"S1742.AD2",NA,NA
"S1743.AD3",2023-08-07,"AD3","copiedfm08th",159,"Control","SteadyState",24,1.67,69.23,1.16,63.46,"copiedfm08th",7.56,"S1737_AD3",23763,NA,NA,63.68,NA,NA,NA,NA,6405.6,"S1749_AD3",36.31,5.7,5.74,6.3,0.16,0,0,0,"S1761_AD3",0,0,0,0.42,29.54,1.66,0,0.38,0.51,0.21,2.48,0,"#232","Control",180.5,0.78,1.57,681,714.5,10.81,711.98,13.07,4.71,0.97,36.05,123.24,0.72,"S1743.AD3",NA,NA
"S1744.AD4",2023-08-07,"AD4","copiedfm08th",159,"Control","SteadyState",24,1.88,73.08,1.34,58.21,"copiedfm08th",7.48,"S1738_AD4",25406.5,NA,NA,61.17,NA,NA,NA,NA,5238.21,"S1750_AD4",37.03,6.48,5.81,6.4,0.17,0,0,0,"S1762_AD4",0,0,0,0.2,44.71,3,0,0.4,0.76,0.25,1.91,0,"#233","Control",197.5,0.78,1.47,523,539.35,7.16,536.47,11.36,4.32,0.97,28.83,89.48,0.69,"S1744.AD4",NA,NA
"S1745.AD5",2023-08-07,"AD5","copiedfm08th",159,"Treatment","SteadyState",24,1.71,73.91,1.26,60.99,"copiedfm08th",7.46,"S1739_AD5",25625.5,NA,NA,60.84,NA,NA,NA,NA,6702.44,"S1751_AD5",35.53,5.62,5.61,6.3,0.16,0,0,0,"S1763_AD5",0,0,0,0.19,25.36,1.57,0,0.38,1.01,0.23,1.78,0,"#234","Treatment",224,0.91,1.85,533,557.07,9.42,553.54,11.58,4.25,0.95,20.67,91.55,0.68,"S1745.AD5",NA,NA
"S1746.AD6",2023-08-07,"AD6","copiedfm08th",159,"Treatment","SteadyState",24,1.64,70.97,1.17,63.96,"copiedfm08th",7.5,"S1740_AD6",25344,NA,NA,61.27,NA,NA,NA,NA,6514.88,"S1752_AD6",35.21,5.53,5.51,6.4,0.16,0,0,0,"S1764_AD6",0,0,0,0.31,52.63,2.69,0,0.43,0.89,0.26,2.21,0,"#235","Treatment",192,0.79,1.72,681,740.62,17.48,719.8,13.04,4.41,0.96,23.94,123.24,0.68,"S1746.AD6",NA,NA
"S1813.ADFull",2023-08-09,"Full-scale","S1822_ADFull",161,"Full-scale","SteadyState",24,2.18,74.07,1.61,50.37,"S1816_ADFull",7.19,"S1823_ADFull",29244,NA,NA,55.31,NA,NA,NA,NA,NA,"S1815_ADFull",37.38,5.77,6.18,6,0.15,0,0,0,"",NA,NA,NA,NA,NA,NA,NA,NA,NA,NA,NA,NA,"#237","Full-scale",294.5,0.76,1.39,778,806.35,9.34,808.87,14.02,5.03,0.98,43.24,145.05,0.76,"S1813.ADFull","S1813_ADFull","#150"
"S229.full",2023-04-05,"Full-scale","S267_full",35,"Full-scale","SteadyState",6,2.41,71.92,1.73,34.66,"S231",7.2,"S233_Full",27028,NA,NA,50.79,NA,NA,NA,NA,NA,"S230_full",37.16,5.86,6.42,5.8,0.16,8.96,1.41,1.55,"",NA,NA,NA,NA,NA,NA,NA,NA,NA,NA,NA,NA,"#038","Full-scale",337,2.02,2.03,751,769.8,7.39,769.74,13.69,5.04,0.97,39.43,138.9,0.76,"S229.full","S229_full","#025"
"S27.AD1",2023-03-08,"AD1","S47_AD1",7,"Control","Converging",2,2.05,68.4,1.4,NA,"S47_AD1",7.42,"S39_AD1",20623,NA,NA,59.67,NA,NA,NA,NA,1605.14,"",NA,NA,NA,NA,NA,NA,NA,NA,"",NA,NA,NA,NA,NA,NA,NA,NA,NA,NA,NA,NA,"#002","Control",205.33,1.54,1.46,778,800.27,8.46,796.98,13.96,5.24,0.98,64.75,145.05,0.79,"S27.AD1",NA,NA
"S291.AD1",2023-04-24,"AD1","",54,"Control","SteadyState",9,1.79,71.8,1.28,55.97,"copiedfm23rd",7.21,"S320_AD1",20179,925,NA,66.65,72,2.37,324.15,1,3297.82,"S361_AD1",35.52,5.42,5.93,6,0.15,6.07,0.93,1.01,"S314_AD1",0,0,0,0,26.08,30.96,0.8,1.22,0.96,0.36,1.4,0,"#053","Control",209.5,1.63,1.71,571,583.24,6,581.98,11.92,4.63,0.97,31.58,99.49,0.73,"S291.AD1","S291_AD1","#028"
"S292.AD2",2023-04-24,"AD2","",54,"Treatment","SteadyState",9,NA,NA,NA,NA,"copiedfm23rd",7.19,"S321_AD2",20440.5,1025,NA,66.22,70,2.41,328.88,1.9,3441.51,"S297_AD2",35.36,5.97,5.65,6.3,0.17,6.29,1.06,1.01,"S315_AD2",0,0,0.06,0,41.29,31.2,0.99,1.33,1.1,0.38,7.73,0,"#054","Treatment",182.5,1.43,1.45,580,601.88,8.33,602.05,12.07,4.43,0.97,32.94,101.39,0.7,"S292.AD2","S292_AD2","#029"
"S293.AD3",2023-04-24,"AD3","",54,"Control","SteadyState",9,1.83,70.73,1.29,55.73,"copiedfm23rd",7.13,"S322_AD3",21535.5,1012.5,NA,64.41,73,2.95,402.91,1,4042.87,"S298_AD3",34.57,5.59,5.75,6,0.16,6.29,1.02,1.05,"S316_AD3",0,0,0,0,17.88,20.42,0.61,0.88,0.83,0.28,2.82,0,"#055","Control",203,1.49,1.6,648,663.47,6.62,663.58,12.7,4.68,0.97,33.84,116,0.72,"S293.AD3","S293_AD3","#030"
"S294.AD4",2023-04-24,"AD4","",54,"Control","SteadyState",9,1.93,70.32,1.36,51.09,"copiedfm23rd",7.23,"S323_AD4",22358.5,1075,NA,63.05,71,1.02,138.61,4,1430.03,"S299_AD4",32.19,5.45,5.02,6.4,0.17,3.25,0.55,0.51,"S317_AD4",0,0,0.31,0,54.86,38.43,1.06,1.63,1.32,0.44,2.47,0.12,"#056","Control",153,1.08,2.1,612,645.75,11.98,635.79,12.42,4.59,0.97,34.17,108.21,0.72,"S294.AD4","S294_AD4","#031"
"S295.AD5",2023-04-24,"AD5","",54,"Treatment","SteadyState",9,1.81,71.39,1.29,55.63,"copiedfm23rd",7.18,"S324_AD5",20566.5,987.5,NA,66.01,72,2.91,397.2,1.1,4040.95,"S300_AD5",33.76,5.42,5.53,6.1,0.16,5.91,0.95,0.97,"S318_AD5",0,0,0,0,32.7,21.62,0.65,1.04,0.9,0.3,2,0,"#057","Treatment",156.5,1.2,1.27,452,456.69,3.31,456.96,10.56,4.33,0.96,28.56,75.08,0.71,"S295.AD5","S295_AD5","#032"
"S296.AD6",2023-04-24,"AD6","",54,"Treatment","SteadyState",9,NA,NA,NA,NA,"copiedfm23rd",7.11,"S325_AD6",20586,912.5,NA,65.98,71,2.79,380.81,1.1,3928.81,"S301_AD6",34.49,5.75,5.59,6.2,0.17,6.17,1.03,1,"S319_AD6",0,0,0,0,32.82,32.4,0.82,1.33,1.11,0.35,1.89,0,"#058","Treatment",211.5,1.59,1.65,695,726.6,11.24,716.35,13.16,4.93,0.98,44.68,126.34,0.75,"S296.AD6","S296_AD6","#033"
"S30.AD4",2023-03-08,"AD4","S50_AD4",7,"Control","Converging",2,0.56,67.7,0.38,NA,"S50_AD4",7.36,"S42_AD4",20739,NA,NA,59.44,NA,NA,NA,NA,685.48,"S36_AD4",32.02,5.22,5.02,6.4,0.16,1.79,0.29,0.28,"",NA,NA,NA,NA,NA,NA,NA,NA,NA,NA,NA,NA,"#005","Control",201.67,1.51,5.31,760,782.02,8.12,781.31,13.81,5.04,0.98,44.04,140.94,0.76,"S30.AD4",NA,NA
"S32.AD6",2023-03-08,"AD6","S45_AD6",7,"Treatment","Converging",2,1.95,70.75,1.38,NA,"S45_AD6",7.43,"S44_AD6",20142,NA,NA,60.61,NA,NA,NA,NA,1016.26,"",NA,NA,NA,NA,NA,NA,NA,NA,"",NA,NA,NA,NA,NA,NA,NA,NA,NA,NA,NA,NA,"#007","Treatment",194.33,1.5,1.42,730,748.07,7.76,743.65,13.4,5.14,0.98,50.59,134.16,0.78,"S32.AD6",NA,NA
"S370.full",2023-04-26,"Full-scale","S372_full",56,"Full-scale","SteadyState",9,2.4,70.07,1.68,41.98,"S372_full",7.4,"S374_full",27823,750,23.4,54.01,NA,NA,NA,NA,NA,"S371_full",35.82,5.55,6.21,5.8,0.16,8.6,1.33,1.49,"",NA,NA,NA,NA,NA,NA,NA,NA,NA,NA,NA,NA,"#060","Full-scale",264.33,1.2,1.27,645,657.4,6,656.42,12.55,5.03,0.98,45.4,115.35,0.78,"S370.full","S370_full","#035"
"S381.AD1",2023-04-26,"AD1","",56,"Control","SteadyState",9,1.71,72.31,1.24,57.85,"copiedfm25th",7.42,"S320_AD1",20993,1050,NA,65.3,NA,NA,NA,NA,3531.04,"S387_AD1",34.05,6.28,5.56,6.1,0.18,6.3,1.16,1.03,"S399_AD1",0,0,0.35,0,26.26,35.51,0.91,1.54,1.05,0.51,1.43,0.49,"#061","Control",170,1.29,1.26,532,551,8.13,547.97,11.54,4.52,0.97,29.86,91.34,0.72,"S381.AD1","S381_AD1","#036"
"S381.full",2023-05-18,"Full-scale","",78,"Full-scale","Inhibition",12,NA,NA,NA,NA,"",NA,"",NA,NA,NA,NA,NA,NA,NA,NA,NA,"S382_full",34.33,5.89,5.94,5.8,0.17,6.35,1.09,1.1,"",NA,NA,NA,NA,NA,NA,NA,NA,NA,NA,NA,NA,"#124","Full-scale",243.67,1.59,1.84,717,758.6,13.55,747.98,13.4,5.12,0.98,55.27,131.24,0.78,"S381.full","S381_full","#093"
"S382.AD2",2023-04-26,"AD2","",56,"Treatment","SteadyState",9,1.78,72.73,1.29,55.87,"copiedfm25th",7.46,"S321_AD2",21496.5,1062.5,NA,64.47,NA,NA,NA,NA,3610.29,"S388_AD2",33.45,5.44,5.42,6.2,0.16,6.26,1.02,1.01,"S400_AD2",0,0,0,0,28.6,16.28,0.57,0.76,0.83,0.34,3.37,0,"#062","Treatment",214,1.63,1.66,445,453.33,4.6,455.26,10.55,4.26,0.97,30.54,73.69,0.7,"S382.AD2","S382_AD2","#037"
"S383.AD3",2023-04-26,"AD3","",56,"Control","SteadyState",9,1.82,71.24,1.3,55.63,"copiedfm25th",7.53,"S322_AD3",23047,1000,NA,61.91,NA,NA,NA,NA,3927.88,"S389_AD3",34.41,5.23,5.54,6.2,0.15,6.33,0.96,1.02,"S401_AD3",0,0,0,0,21.73,27.51,0.76,1.23,0.11,0.39,2.25,0,"#063","Control",185.67,1.28,1.44,761,809.67,13.42,810.46,13.92,4.8,0.97,33.18,141.17,0.72,"S383.AD3","S383_AD3","#038"
"S384.AD4",2023-04-26,"AD4","",56,"Control","SteadyState",9,1.01,72.79,0.73,74.74,"copiedfm25th",7.49,"S323_AD4",15461.5,887.5,NA,74.45,NA,NA,NA,NA,2245.1,"S390_AD4",36.71,6.46,4.49,8.2,0.18,7.75,1.36,0.95,"S402_AD4",0,0,0,0,403.13,136.19,10.88,8.31,28.57,4.92,3.58,1.34,"#064","Control",170.67,1.74,1.14,NA,NA,NA,NA,NA,NA,NA,NA,NA,NA,"S384.AD4","S384_AD4","#039"
"S385.AD5",2023-04-26,"AD5","",56,"Treatment","SteadyState",9,1.75,71.64,1.25,57.24,"copiedfm25th",8.02,"S324_AD5",19258.5,837.5,NA,68.17,NA,NA,NA,NA,3377.21,"S391_AD5",33.86,5.99,5.39,6.3,0.18,5.72,1.01,0.91,"S403_AD5",0,0,0,0,33.34,20.11,0.72,0.91,1.28,0.34,2.33,0,"#065","Treatment",170.67,1.38,1.41,498,516.32,7.62,517.03,11.2,4.22,0.96,25.17,84.35,0.68,"S385.AD5","S385_AD5","#040"
"S386.AD6",2023-04-26,"AD6","",56,"Treatment","SteadyState",9,1.79,71.77,1.28,56.31,"copiedfm25th",7.48,"S325_AD6",20799,812.5,NA,65.62,NA,NA,NA,NA,3626.47,"S392_AD6",33.74,5.77,5.68,5.9,0.17,6.34,1.08,1.07,"S404_AD6",0,0,0.25,0.05,32.69,29.8,0.8,1.23,1.41,0.39,2.01,0,"#066","Treatment",190.33,1.44,1.38,544,550.3,3.58,555.17,11.68,4.69,0.97,37.49,93.83,0.74,"S386.AD6","S386_AD6","#041"
"S459.AD1",2023-04-28,"AD1","",58,"Control","SteadyState",9,1.85,74.12,1.41,52.56,"copiedfm27th",7.46,"S447_AD1",22407.5,1000,NA,62.97,66,3.1,423.66,1.1,4702,"S465_AD1",33.67,5.69,5.53,6.1,0.17,5.99,1.01,0.98,"S477_AD1",0,0,0,0.12,42.31,37.51,1.07,1.49,1.66,0.36,2.32,1.96,"#067","Control",171.5,1.18,1.31,NA,NA,NA,NA,NA,NA,NA,NA,NA,NA,"S459.AD1","S459_AD1","#042"
"S460.AD2",2023-04-28,"AD2","",58,"Treatment","SteadyState",9,1.87,73.64,1.38,53.48,"copiedfm27th",7.47,"S448_AD2",22562,1062.5,NA,62.71,67,3.22,439.5,1.4,4805.01,"S466_AD2",33.29,5.36,5.47,6.1,0.16,5.59,0.9,0.92,"S478_AD2",0,0,0,0.14,46.63,19.51,0.94,0.9,1.43,0.28,13.9,0.47,"#068","Treatment",208.5,1.48,1.63,632,649.16,6.88,650.83,12.53,4.58,0.97,36.3,112.52,0.71,"S460.AD2","S460_AD2","#043"
"S461.AD3",2023-04-28,"AD3","",58,"Control","SteadyState",9,1.84,71.28,1.31,54.95,"copiedfm27th",7.44,"S449_AD3",23037,1087.5,NA,61.93,65,2.9,395.76,1.9,4459.89,"S467_AD3",33.48,5.72,5.52,6.1,0.17,6.09,1.04,1,"S479_AD3",0,0,0,0.23,14.5,9.45,0.35,0.55,1.28,0.21,3.91,0,"#069","Control",237.5,1.63,1.98,626,635.54,4.8,636.92,12.47,4.72,0.97,32.61,111.23,0.73,"S461.AD3","S461_AD3","#044"
"S462.AD4",2023-04-28,"AD4","",58,"Control","SteadyState",9,2.11,71.52,1.51,48.12,"copiedfm27th",7.49,"S450_AD4",20169.5,1137.5,NA,66.66,69,0.34,46.98,1.6,498.71,"S468_AD4",33.65,5.66,5.09,6.6,0.17,5.45,0.92,0.82,"S480_AD4",0,0,0,0.19,55.43,31.74,1.06,1.39,1.83,0.39,4.56,0,"#070","Control",147,1.16,1.37,612,627.14,6.76,624.46,12.3,4.57,0.97,35.86,108.21,0.71,"S462.AD4","S462_AD4","#045"
"S463.AD5",2023-04-28,"AD5","",58,"Treatment","SteadyState",9,1.69,71.65,1.21,58.6,"copiedfm27th",7.42,"S451_AD5",21564.5,1062.5,NA,64.36,67,1.97,269.09,1.3,2941.97,"S469_AD5",34.26,6.47,5.63,6.1,0.19,5.55,1.05,0.91,"S481_AD5",0,0,0.07,0.46,32.02,16.5,0.61,0.8,1.56,0.28,3.01,0,"#071","Treatment",162,1.18,1.44,598,614.13,6.74,615.21,12.22,4.41,0.96,28.3,105.22,0.69,"S463.AD5","S463_AD5","#046"
"S464.AD6",2023-04-28,"AD6","",58,"Treatment","SteadyState",9,1.88,72.84,1.37,51.98,"copiedfm27th",7.44,"S452_AD6",21564.5,950,NA,64.36,67,3.17,432.62,1.7,4729.75,"S470_AD6",33.95,5.87,5.44,6.2,0.17,5.98,1.03,0.96,"S482_AD6",0,0,0,0.18,81.02,30.44,1.17,1.48,1.93,0.46,3.04,0.44,"#072","Treatment",191.5,1.41,1.67,668,685.63,6.99,687.06,12.92,4.83,0.97,37.29,120.37,0.74,"S464.AD6","S464_AD6","#047"
"S561.AD1",2023-05-01,"AD1","",61,"Control","SteadyState",10,1.78,72.14,1.29,54.91,"copiedfm30th",7.14,"S525_AD1",21952,1000,NA,63.97,70,2.85,395.72,1.2,4065.59,"S567_AD1",33.41,5.52,5.5,6.1,0.17,6.35,1.05,1.05,"S531_AD1",0,0,0.7,0.38,32.31,22.57,0.86,0.97,1.61,0.27,2.62,0,"#073","Control",185.33,1.09,1.13,514,528.17,6.76,525.69,11.32,4.52,0.97,32.14,87.63,0.72,"S561.AD1","S561_AD1","#048"
"S562.AD2",2023-05-01,"AD2","",61,"Treatment","SteadyState",10,1.68,71.88,1.21,53.87,"copiedfm30th",7.15,"S526_AD2",21487,1100,NA,64.74,71,2.83,394,0.8,3990.83,"S568_AD2",31.71,5.91,5.07,6.3,0.19,6.12,1.14,0.98,"S532_AD2",0,0,0.91,1.29,35.21,17.97,0.8,0.81,1.54,0.22,2.8,0,"#074","Treatment",200.33,1.18,1.14,416,428.08,6.01,428.54,10.21,4.24,0.97,29.79,67.99,0.7,"S562.AD2","S562_AD2","#049"
"S563.AD3",2023-05-01,"AD3","",61,"Control","SteadyState",10,1.82,70.31,1.28,57.49,"copiedfm30th",7.16,"S527_AD3",22184.5,1162.5,NA,63.59,70,3.09,429.5,0.9,4412.58,"S569_AD3",33.55,5.34,5.31,6.3,0.16,6.51,1.04,1.03,"S533_AD3",0,0,1.21,1.89,25.82,23.43,0.94,0.99,1.57,0.26,3.09,0,"#075","Control",212.67,1.22,1.23,531,546.49,6.9,545.37,11.51,4.48,0.96,22.24,91.13,0.71,"S563.AD3","S563_AD3","#050"
"S564.AD4",2023-05-01,"AD4","",61,"Control","SteadyState",10,1.62,68.53,1.11,61.87,"copiedfm30th",7.18,"S528_AD4",20276,1162.5,NA,66.72,NA,NA,NA,NA,571.42,"S570_AD4",34.58,5.91,5.26,6.6,0.17,6.22,1.06,0.95,"S534_AD4",0,0,0.68,1.29,65.54,24.12,1.19,1.08,1.83,0.32,2.86,0,"#076","Control",157.67,0.99,1.04,474,483.24,4.96,484.01,10.87,4.31,0.97,31.66,79.49,0.7,"S564.AD4","S564_AD4","#051"
"S565.AD5",2023-05-01,"AD5","",61,"Treatment","SteadyState",10,1.62,70.76,1.15,60.27,"copiedfm30th",7.26,"S529_AD5",20644,1100,NA,66.12,70,3.12,433.95,0.8,4458.32,"S571_AD5",32.92,5.97,5.24,6.3,0.18,5.93,1.07,0.94,"S535_AD5",0,0,0.96,1.11,48.35,28.63,1.19,1.2,1.77,0.32,2.79,0,"#077","Treatment",189.67,1.18,1.24,451,473.16,9.18,469.86,10.66,4.14,0.96,25.71,74.89,0.68,"S565.AD5","S565_AD5","#052"
"S566.AD6",2023-05-01,"AD6","",61,"Treatment","SteadyState",10,1.76,70.44,1.2,59.22,"copiedfm30th",7.16,"S530_AD6",20324.5,1100,NA,66.64,70,2.81,390.16,0.8,4008.46,"S572_AD6",33.08,5.48,5.41,6.1,0.17,6.19,1.03,1.01,"S536_AD6",0,0,0.87,1.95,61.55,26.12,1.35,1.06,2.12,0.31,14.3,0.15,"#078","Treatment",201.33,1.27,1.23,444,454.16,5.46,453.55,10.46,4.4,0.96,24.36,73.49,0.72,"S566.AD6","S566_AD6","#053"
"S657.AD1",2023-05-04,"AD1","S729_AD1",64,"Control","Glycerol",10,1.87,71.49,1.33,53.66,"S723_AD1",7.16,"S680_AD1",22233,937.5,17.06,63.51,66,3.02,419.24,1.9,4568.2,"S663_AD1",35.1,5.55,5.6,6.3,0.16,6.56,1.04,1.05,"S674_AD1",0,0,0.75,2.47,61.21,43.29,1.84,1.88,2.1,0.39,2.23,0,"#086","Control",205.5,1.48,1.59,541,563.2,9.64,554,11.56,4.48,0.96,26.13,93.21,0.71,"S657.AD1","S657_AD1","#054"
"S658.AD2",2023-05-04,"AD2","S730_AD2",64,"Treatment","Glycerol",10,2.07,73.23,1.49,48.2,"S724_AD2",6.33,"S681_AD2",27696.5,1037.5,2.84,54.55,42,1.27,176.31,5.9,3018.93,"S664_AD2",34.64,6.2,5.85,5.9,0.18,7.17,1.28,1.21,"S675_AD2",0.64,0,0.91,2.42,31.3,755.16,28.59,42.05,43.62,25.28,2.42,8.23,"#087","Treatment",205.5,1.14,1.37,533,552.5,8.23,549.42,11.56,4.36,0.97,30.7,91.55,0.69,"S658.AD2","S658_AD2","#055"
"S659.AD3",2023-05-04,"AD3","S731_AD3",64,"Control","Glycerol",10,1.67,69.3,1.16,59.68,"S725_AD3",7.03,"S682_AD3",22717.5,1075,14.57,62.72,67,2.37,329.23,2,3533.92,"",NA,NA,NA,NA,NA,NA,NA,NA,"S676_AD3",0,0,0,0,15.55,22.56,0.77,1.11,0.43,0.34,1.34,0.49,"#088","Control",246.5,1.77,2.23,668,688.28,7.84,686.45,12.82,4.67,0.96,25.01,120.37,0.72,"S659.AD3","S659_AD3","#056"
"S660.AD4",2023-05-04,"AD4","S732_AD4",64,"Control","Glycerol",10,1.82,69.2,1.27,56.2,"S726_AD4",7.11,"S683_AD4",21486.5,1162.5,18.89,64.74,61,0.56,77.86,5.1,918,"S666_AD4",34.91,5.92,5.26,6.6,0.17,6.35,1.08,0.96,"S677_AD4",0,0,0,0,70.33,62.14,1.85,2.82,1.83,1.14,2.58,1.21,"#089","Control",174.5,1.27,1.4,533,554.72,9.56,545.98,11.54,4.42,0.97,31.88,91.55,0.7,"S660.AD4","S660_AD4","#057"
"S661.AD5",2023-05-04,"AD5","S733_AD5",64,"Treatment","Glycerol",10,1.94,71.49,1.38,52.03,"S727_AD5",6.29,"S684_AD5",27522,1275,3.18,54.83,48,2,277.84,3.2,4162.76,"S692_AD5",34.2,5.93,5.66,6,0.17,6.63,1.15,1.1,"S678_AD5",0,0,0,0,36.24,816.28,30.34,29.16,41.67,25.36,2.32,12.43,"#090","Treatment",158,0.86,1.11,394,397.39,2.78,398.01,9.72,4.22,0.96,27.47,63.72,0.71,"S661.AD5","S661_AD5","#058"
"S662.AD6",2023-05-04,"AD6","S734_AD6",64,"Treatment","Glycerol",10,1.87,71.31,1.34,53.52,"S728_AD6",6.25,"S685_AD6",26708.5,1212.5,2.76,56.17,33,1.05,145.55,8.7,3171.9,"S667_AD6",37.31,5.69,5.99,6.2,0.15,6.98,1.06,1.12,"S679_AD6",4.4,0,0,0,405.42,853.1,27.31,35.36,44.68,30.45,2.06,6.38,"#091","Treatment",188.5,1.14,1.48,542,549.97,4.71,548.41,11.54,4.39,0.95,21,93.42,0.7,"S662.AD6","S662_AD6","#059"
"S69.AD1",2023-03-13,"AD1","",12,"Control","Converging",3,1.63,71.73,1.16,56.82,"copiedfm14th",7.38,"",NA,NA,NA,NA,48,NA,NA,9.4,3271.11,"",NA,NA,NA,NA,NA,NA,NA,NA,"",NA,NA,NA,NA,NA,NA,NA,NA,NA,NA,NA,NA,"#009","Control",219.67,NA,1.89,889,908.92,7.6,907.15,14.88,5.37,0.98,57.95,170.95,0.79,"S69.AD1","S69_AD1","#008"
"S70.AD2",2023-03-13,"AD2","",12,"Treatment","Converging",3,2.16,71.18,1.54,43.49,"copiedfm14th",6.98,"",NA,NA,NA,NA,37,NA,NA,10.8,1987.69,"S76_AD2",32.96,5.13,5.38,6.1,0.16,7.12,1.11,1.16,"",NA,NA,NA,NA,NA,NA,NA,NA,NA,NA,NA,NA,"#010","Treatment",123.5,NA,0.81,903,937.01,10.82,929.83,14.96,5.2,0.98,45.01,174.29,0.76,"S70.AD2","S70_AD2","#009"
"S71.AD3",2023-03-13,"AD3","",12,"Control","Converging",3,2.07,69.93,1.45,46.45,"copiedfm14th",7.3,"",NA,NA,NA,NA,52,NA,NA,8.4,3328.6,"S77_AD3",22.47,3.69,3.79,5.9,0.16,4.65,0.76,0.78,"",NA,NA,NA,NA,NA,NA,NA,NA,NA,NA,NA,NA,"#011","Control",175.5,NA,1.21,693,717.75,9.77,708.57,13.16,4.96,0.97,38.05,125.89,0.76,"S71.AD3","S71_AD3","#010"
"S72.AD4",2023-03-13,"AD4","",12,"Control","Converging",3,1.53,71.35,1.1,59.55,"copiedfm14th",7.18,"",NA,NA,NA,NA,18,NA,NA,16.8,1227.27,"S78_AD4",35.57,5.95,5.19,6.9,0.17,5.44,0.91,0.79,"",NA,NA,NA,NA,NA,NA,NA,NA,NA,NA,NA,NA,"#012","Control",121.5,NA,1.13,704,738.9,12.48,725.3,13.28,4.81,0.96,26.37,128.34,0.73,"S72.AD4","S72_AD4","#011"
"S73.AD5",2023-03-13,"AD5","",12,"Treatment","Converging",3,NA,NA,NA,NA,"",NA,"",NA,NA,NA,NA,NA,NA,NA,NA,3.75,"",NA,NA,NA,NA,NA,NA,NA,NA,"",NA,NA,NA,NA,NA,NA,NA,NA,NA,NA,NA,NA,"#013","Treatment",158,NA,NA,752,779.72,10.27,769.92,13.67,5,0.98,41.31,139.12,0.75,"S73.AD5","S73_AD5","#012"
"S735.AD1",2023-05-05,"AD1","",65,"Control","Glycerol",10,NA,NA,NA,NA,"",NA,"S693_AD1",23133.5,1000,NA,62.03,NA,NA,NA,NA,4146.27,"S741_AD1",34.09,5.38,5.37,6.4,0.16,5.76,0.91,0.91,"S753_AD1",0,0,0,0,60.6,54.51,2.15,2.92,2.34,1.37,2.41,0.86,"#092","Control",216.5,1.51,1.81,606,618.81,5.84,619.13,12.27,4.65,0.97,35.47,106.93,0.73,"S735.AD1","S735_AD1","#067"
"S736.AD2",2023-05-05,"AD2","",65,"Treatment","Glycerol",10,NA,NA,NA,NA,"",NA,"S694_AD2",30835.5,1100,NA,49.39,NA,NA,NA,NA,2802.11,"S742_AD2",36.58,6.41,5.88,6.2,0.18,6.36,1.11,1.02,"S754_AD2",0,0,0,0.05,30.93,1701.03,46.11,54.28,74.92,40.62,2.39,11.09,"#093","Treatment",181,0.94,1.48,591,617.23,10.02,610.18,12.17,4.49,0.97,32.61,103.73,0.7,"S736.AD2","S736_AD2","#068"
"S737.AD3",2023-05-05,"AD3","",65,"Control","Glycerol",10,NA,NA,NA,NA,"",NA,"S695_AD3",25129.5,1200,NA,58.76,NA,NA,NA,NA,3265.39,"S743_AD3",34.59,5.39,5.32,6.5,0.16,6.54,1.02,1.01,"S755_AD3",0,0,0,0,20.34,38.84,1.08,1.76,1.42,0.73,1.38,0.33,"#094","Control",215,1.34,1.64,640,665.02,9.26,661.25,12.66,4.68,0.96,25.96,114.26,0.72,"S737.AD3","S737_AD3","#069"
"S738.AD4",2023-05-05,"AD4","",65,"Control","Glycerol",10,NA,NA,NA,NA,"",NA,"S696_AD4",21971.5,1275,NA,63.94,NA,NA,NA,NA,1171.27,"S744_AD4",32.49,5.64,5.29,6.1,0.17,5.33,0.92,0.87,"S756_AD4",0,0.07,0,0,40.84,39.97,1.14,1.78,1.19,0.58,1.86,0.36,"#095","Control",229,1.67,2.13,557,571.91,6.41,574.41,11.82,4.4,0.97,31.61,96.55,0.7,"S738.AD4","S738_AD4","#070"
"S739.AD5",2023-05-05,"AD5","",65,"Treatment","Glycerol",10,NA,NA,NA,NA,"",NA,"S697_AD5",28888,1200,NA,52.59,NA,NA,NA,NA,2905.32,"S745_AD5",34.87,6.23,5.92,5.9,0.18,5.79,1.03,0.98,"S757_AD5",0,0,0,0.35,92.18,1310.2,44.88,75,71.69,54,2.63,17.26,"#096","Treatment",311,1.7,4.14,539,549.78,5.25,551.71,11.58,4.44,0.96,28.47,92.79,0.71,"S739.AD5","S739_AD5","#071"
"S74.AD6",2023-03-13,"AD6","",12,"Treatment","Converging",3,2.15,69.23,1.49,45.12,"copiedfm14th",7.18,"",NA,NA,NA,NA,42,NA,NA,7.3,2026.6,"S80_AD6",34.06,5.65,5.88,5.8,0.17,7.32,1.21,1.26,"",NA,NA,NA,NA,NA,NA,NA,NA,NA,NA,NA,NA,"#014","Treatment",167,NA,1.13,737,752.77,6.86,749.79,13.52,4.96,0.97,32.51,135.73,0.75,"S74.AD6","S74_AD6","#013"
"S740.AD6",2023-05-05,"AD6","",65,"Treatment","Glycerol",10,NA,NA,NA,NA,"",NA,"S698_AD6",31378,1125,NA,48.5,NA,NA,NA,NA,2743.11,"S746_AD6",36.49,5.55,5.5,6.6,0.15,5.95,0.9,0.9,"S758_AD6",0,0,0,0,600.05,2345.67,43.93,62.07,70.75,53.65,2.3,9.97,"#097","Treatment",180,0.91,1.64,563,578.75,7.08,575.96,11.83,4.31,0.94,17.78,97.81,0.68,"S740.AD6","S740_AD6","#072"
"S777.AD1",2023-05-08,"AD1","",68,"Control","Inhibition",11,1.69,73.53,1.25,56.92,"copiedfm7th",7.18,"S759_AD1",22853,850,NA,55.82,65,1.95,269.19,2,2996.64,"S783_AD1",31.93,5.7,5.41,5.9,0.18,5.59,1,0.95,"S795_AD1",0,0.96,0,0.25,31.08,32.04,0.95,1.58,1.69,1.04,1.56,0.82,"#098","Control",199,1.39,1.73,635,653.68,7.54,653.31,12.62,4.86,0.98,49.08,113.17,0.75,"S777.AD1","S777_AD1","#061"
"S778.AD2",2023-05-08,"AD2","",68,"Treatment","Inhibition",11,1.74,72.69,1.25,56.12,"copiedfm7th",6.1,"S760_AD2",34672,875,NA,32.98,42,0.37,51.25,2.3,882.99,"S784_AD2",36.7,5.76,5.44,6.7,0.16,5.28,0.83,0.78,"S796_AD2",0.8,3.05,0,0,272.35,3186.93,57.58,64.63,101.37,66.02,2.25,14.24,"#099","Treatment",185.5,0.84,1.91,857,929.84,17.26,923.09,14.51,4.68,0.97,35.99,163.39,0.69,"S778.AD2","S778_AD2","#062"
"S779.AD3",2023-05-08,"AD3","",68,"Control","Inhibition",11,1.89,70.04,1.32,54.29,"copiedfm7th",7.16,"S761_AD3",26088.5,1000,NA,49.57,66,2.56,354,1.6,3881.08,"S785_AD3",34.04,5.79,5.54,6.1,0.17,6.6,1.12,1.07,"S797_AD3",0,0,0,0,18.62,33.88,0.93,1.43,1.33,0.59,1.49,0.46,"#100","Control",269,1.65,2.11,637,659.08,9.04,652.57,12.6,4.94,0.98,48.04,113.61,0.76,"S779.AD3","S779_AD3","#063"
"S780.AD4",2023-05-08,"AD4","",68,"Control","Inhibition",11,1.64,67.73,1.11,61.65,"copiedfm7th",7.22,"S762_AD4",22155.5,975,NA,57.17,NA,NA,NA,NA,2156.7,"S786_AD4",34.22,5.29,5.39,6.3,0.15,5.75,0.89,0.91,"S798_AD4",0,0.06,0.32,0.05,79.29,50.76,1.91,3.17,2.12,1.45,2.16,0.46,"#101","Control",156,1.12,1.43,740,779.32,12.24,771.95,13.61,4.78,0.97,38.94,136.41,0.72,"S780.AD4","S780_AD4","#064"
"S781.AD5",2023-05-08,"AD5","",68,"Treatment","Inhibition",11,1.66,68.95,1.14,73.5,"copiedfm7th",6.17,"S763_AD5",33296,1125,NA,35.64,34,0.26,36.6,4.9,778.86,"S787_AD5",35.1,6.39,5.02,7,0.18,4.49,0.82,0.64,"S799_AD5",0,8.39,0.41,0.11,474.91,3268.68,71.58,89.17,117.66,169.92,2.55,20.4,"#102","Treatment",141.5,0.69,1.75,545,553.12,4.63,551.94,11.6,4.56,0.97,32.07,94.04,0.72,"S781.AD5","S781_AD5","#065"
"S782.AD6",2023-05-08,"AD6","",68,"Treatment","Inhibition",11,1.63,69.32,1.13,61.06,"copiedfm7th",5.75,"S764_AD6",35543.5,1150,NA,31.29,28,0.17,23.49,5.8,607.14,"S788_AD6",36.9,6.25,5.4,6.8,0.17,5.5,0.93,0.8,"S800_AD6",1.36,4.91,0,0.74,832.26,3689.94,63.38,200.44,112.31,106.34,2.77,12.73,"#103","Treatment",125,0.55,1.24,570,574.37,3.07,574.87,11.9,4.49,0.95,21.36,99.28,0.71,"S782.AD6","S782_AD6","#066"
"S837.AD1",2023-05-11,"AD1","S904_AD1",71,"Control","Inhibition",11,1.75,67.51,1.18,58.99,"copiedfrom10th",7.35,"S819_AD1",23308.5,725,14.77,54.94,NA,NA,NA,NA,3329.39,"S843_AD1",35.17,5.77,5.58,6.3,0.16,5.59,0.92,0.89,"S855_AD1",0,0,0,0,35.19,23.31,0.82,1.17,0.53,0.5,1.35,0.23,"#104","Control",168,1.15,1.61,525,538.78,6.59,536.59,11.38,4.7,0.98,47.06,89.89,0.75,"S837.AD1","S837_AD1","#073"
"S838.AD2",2023-05-11,"AD2","S905_AD2",71,"Treatment","Inhibition",11,1.44,68,0.98,66.04,"copiedfrom10th",6.14,"S820_AD2",39273,850,0.95,24.08,NA,NA,NA,NA,716.96,"S844_AD2",36.32,5.9,4.7,7.7,0.16,4.83,0.78,0.62,"S856_AD2",0,3.28,0,0,569,3727.28,94.6,169.73,161.26,116.81,2.87,16.19,"#105","Treatment",125,0.5,1.43,575,585.78,5.32,586.94,11.97,4.57,0.96,26.69,100.33,0.72,"S838.AD2","S838_AD2","#074"
"S839.AD3",2023-05-11,"AD3","S906_AD3",71,"Control","Inhibition",11,1.94,67.98,1.32,54.39,"copiedfrom10th",7.56,"S821_AD3",24713,1025,23.37,52.23,NA,NA,NA,NA,3781.37,"S845_AD3",34.05,5.81,5.63,6,0.17,6.57,1.12,1.09,"S857_AD3",0,1.51,0.1,0.13,19.07,31.92,0.99,1.65,1.7,1.02,2.36,0.35,"#106","Control",174.67,1.09,1.36,552,570.5,8.11,565.45,11.73,4.73,0.97,39.2,95.5,0.75,"S839.AD3","S839_AD3","#075"
"S840.AD4",2023-05-11,"AD4","S907_AD4",71,"Control","Inhibition",11,1.68,66.5,1.12,61.3,"copiedfrom10th",7.46,"S822_AD4",29644,1025,17.42,42.7,NA,NA,NA,NA,2718.16,"S846_AD4",32.75,5.74,5.02,6.5,0.18,1.6,0.28,0.25,"S858_AD4",0,0.49,0,0.13,42.51,26.65,0.96,1.43,0.73,0.57,2.46,0.31,"#107","Control",182.67,0.97,6.77,510,524.65,6.64,524.03,11.27,4.29,0.96,26.87,86.81,0.69,"S840.AD4","S840_AD4","#076"
"S841.AD5",2023-05-11,"AD5","S908_AD5",71,"Treatment","Inhibition",11,1.28,65.91,0.84,70.98,"copiedfrom10th",6.08,"S823_AD5",36512,1100,1.12,29.42,NA,NA,NA,NA,695.89,"S847_AD5",34.54,6.58,5.03,6.9,0.19,3.83,0.73,0.56,"S859_AD5",0,4.14,0.42,0.07,664.67,3409.51,93.66,163.23,159.61,206.42,3.03,19.22,"#108","Treatment",118,0.52,1.76,565,567.83,2.21,571.01,11.86,4.56,0.96,25.33,98.23,0.72,"S841.AD5","S841_AD5","#077"
"S842.AD6",2023-05-11,"AD6","S909_AD6",71,"Treatment","Inhibition",11,1.49,68.6,1.02,64.86,"copiedfrom10th",5.65,"S824_AD6",41530.5,1150,0.55,19.72,NA,NA,NA,NA,586.76,"S848_AD6",36.19,5.56,4.83,7.5,0.15,5.57,0.86,0.74,"S860_AD6",0,5.41,0,0.14,993.5,3445.92,84.3,283.22,150.47,142.66,3.12,14.27,"#109","Treatment",104.67,0.4,1.06,709,719.39,5.04,721.13,13.26,5.08,0.98,41.49,129.45,0.77,"S842.AD6","S842_AD6","#078"
"S934.AD1",2023-05-12,"AD1","",72,"Control","Inhibition",11,1.33,66.98,0.91,69.15,"copiedfm11th",5.94,"S892_AD1",24083,875,NA,53.45,67,2.48,343.08,1.8,3705.22,"S940_AD1",36.02,6.02,5.8,6.2,0.17,7.42,1.24,1.2,"S952_AD1",0,2.13,0,0.2,41.54,41.95,1.33,2.51,2.28,1.76,1.69,0.42,"#111","Control",173,1.1,1.12,592,598.52,3.81,599.91,12.11,4.76,0.98,44.19,103.94,0.74,"S934.AD1","S934_AD1","#080"
"S935.AD2",2023-05-12,"AD2","",72,"Treatment","Inhibition",11,1.93,67.06,1.28,55.67,"copiedfm11th",7.26,"S893_AD2",36929,1000,NA,28.61,30,0.24,33.7,6.4,812.94,"S941_AD2",37.09,6.02,5.28,7,0.16,7.08,1.15,1.01,"S953_AD2",0,0.87,0.14,0.06,521.21,2911.57,82.54,173.77,158.35,116.31,3.03,14.85,"#112","Treatment",109,0.46,0.78,656,666.15,5.23,664.92,12.72,4.77,0.97,31.85,117.74,0.74,"S935.AD2","S935_AD2","#081"
"S936.AD3",2023-05-12,"AD3","",72,"Control","Inhibition",11,0.49,56.14,0.27,90.57,"copiedfm11th",7.13,"S894_AD3",25933.5,1250,NA,49.87,65,2.5,344.99,2.3,3840.48,"S942_AD3",35.25,5.47,5.79,6.1,0.16,7.26,1.13,1.19,"S954_AD3",0,0.05,0,0.17,20.75,22.16,0.71,1.07,0.46,0.49,1.97,0.14,"#113","Control",205,1.23,1.44,555,562.04,4.39,560.71,11.61,4.85,0.98,47.04,96.13,0.77,"S936.AD3","S936_AD3","#082"
"S937.AD4",2023-05-12,"AD4","",72,"Control","Inhibition",11,1.11,62.5,0.69,76.16,"copiedfm11th",5.9,"S895_AD4",30089.5,1200,NA,41.83,55,1.69,233.08,1.9,3066.38,"S943_AD4",33.81,5.64,5.19,6.5,0.17,2.27,0.38,0.35,"S955_AD4",0,0,0,0.1,40.3,31.58,1.02,1.51,0.7,0.49,1.87,0,"#114","Control",166.5,0.84,4.23,483,495.79,6.33,493.97,10.96,4.37,0.96,28.07,81.31,0.71,"S937.AD4","S937_AD4","#083"
"S938.AD5",2023-05-12,"AD5","",72,"Treatment","Inhibition",11,1.54,66.34,1.02,64.76,"copiedfm11th",5.57,"S896_AD5",38711.5,1250,NA,25.17,32,0.18,25.19,4.3,569.54,"S944_AD5",34.5,6.67,4.67,7.4,0.19,5.45,1.05,0.74,"S956_AD5",0,2.69,0,0.09,620.26,2831.22,87.38,171.49,162.15,205.81,3,17.67,"#115","Treatment",110.5,0.43,1.01,613,618.25,3.33,619.74,12.32,4.72,0.96,27.3,108.43,0.74,"S938.AD5","S938_AD5","#084"
"S939.AD6",2023-05-12,"AD6","",72,"Treatment","Inhibition",11,3.43,80.98,2.78,NA,"F92",5.42,"S897_AD6",43255,1175,NA,16.38,30,0.16,21.79,5.5,525.65,"S945_AD6",37.7,6.11,5.21,7.2,0.16,6.56,1.06,0.91,"S957_AD6",0,3.8,0,0,779.59,2452.8,70.07,256.9,143.38,142.52,2.73,14.36,"#116","Treatment",105,0.37,1.02,909,941.68,11.07,932.03,15.07,5.39,0.98,55.25,175.73,0.79,"S939.AD6","S939_AD6","#085"
